,Waktu,Pipi,Alis
0,15:27.6,0.390625,1.0302734375
1,15:27.6,0.361328125,1.0107421875
2,15:27.6,0.361328125,1.0107421875
3,15:27.6,0.361328125,1.0009765625
4,15:27.6,0.361328125,0.99609375
5,15:27.6,0.361328125,0.9912109375
6,15:27.6,0.361328125,0.986328125
7,15:27.6,0.3759765625,0.986328125
8,15:27.6,0.37109375,0.9814453125
9,15:27.6,0.3857421875,0.9765625
10,15:27.6,0.361328125,0.95703125
11,15:27.6,0.3515625,0.9521484375
12,15:27.6,0.3466796875,0.9521484375
13,15:27.6,0.341796875,0.9521484375
14,15:27.6,0.3369140625,0.9521484375
15,15:27.6,0.341796875,0.9619140625
16,15:27.7,0.33203125,0.9521484375
17,15:27.7,0.3515625,0.9521484375
18,15:27.7,0.3271484375,0.9326171875
19,15:27.7,0.3369140625,0.9326171875
20,15:27.7,0.341796875,0.91796875
21,15:27.7,0.33203125,0.9033203125
22,15:27.7,0.3271484375,0.9033203125
23,15:27.7,0.3271484375,0.9033203125
24,15:27.7,0.3173828125,0.8984375
25,15:27.7,0.3173828125,0.908203125
26,15:27.7,0.3173828125,0.908203125
27,15:27.7,0.3173828125,0.8935546875
28,15:27.7,0.3125,0.8740234375
29,15:27.7,0.3125,0.869140625
30,15:27.7,0.3125,0.8740234375
31,15:27.7,0.3076171875,0.8544921875
32,15:27.7,0.2978515625,0.849609375
33,15:27.7,0.3173828125,0.869140625
34,15:27.7,0.2978515625,0.8544921875
35,15:27.7,0.29296875,0.849609375
36,15:27.7,0.2880859375,0.859375
37,15:27.8,0.29296875,0.859375
38,15:27.8,0.29296875,0.8447265625
39,15:27.8,0.29296875,0.8349609375
40,15:27.8,0.3076171875,0.83984375
41,15:27.8,0.29296875,0.830078125
42,15:27.8,0.2880859375,0.8154296875
43,15:27.8,0.2880859375,0.8056640625
44,15:27.8,0.283203125,0.80078125
45,15:27.8,0.2783203125,0.791015625
46,15:27.8,0.2783203125,0.791015625
47,15:27.8,0.29296875,0.7958984375
48,15:27.8,0.283203125,0.791015625
49,15:27.8,0.283203125,0.7861328125
50,15:27.8,0.2783203125,0.78125
51,15:27.8,0.2880859375,0.7861328125
52,15:27.8,0.2783203125,0.791015625
53,15:27.8,0.2783203125,0.78125
54,15:27.8,0.2783203125,0.771484375
55,15:27.8,0.2783203125,0.7568359375
56,15:27.8,0.2734375,0.7470703125
57,15:27.8,0.302734375,0.76171875
58,15:27.8,0.2734375,0.7470703125
59,15:27.9,0.2734375,0.7470703125
60,15:27.9,0.2685546875,0.751953125
61,15:27.9,0.263671875,0.791015625
62,15:27.9,0.2734375,0.771484375
63,15:27.9,0.2685546875,0.7763671875
64,15:27.9,0.2734375,0.7763671875
65,15:27.9,0.2734375,0.7666015625
66,15:27.9,0.2734375,0.76171875
67,15:27.9,0.2685546875,0.7568359375
68,15:27.9,0.2685546875,0.7470703125
69,15:27.9,0.2783203125,0.7568359375
70,15:27.9,0.2587890625,0.7568359375
71,15:27.9,0.2685546875,0.7666015625
72,15:27.9,0.263671875,0.7763671875
73,15:27.9,0.2587890625,0.791015625
74,15:27.9,0.2685546875,0.8056640625
75,15:27.9,0.25390625,0.80078125
76,15:27.9,0.2490234375,0.7958984375
77,15:27.9,0.2490234375,0.7861328125
78,15:27.9,0.244140625,0.8056640625
79,15:27.9,0.25390625,0.78125
80,15:28.0,0.2490234375,0.78125
81,15:28.0,0.2490234375,0.7861328125
82,15:28.0,0.2392578125,0.78125
83,15:28.0,0.244140625,0.8056640625
84,15:28.0,0.2392578125,0.8154296875
85,15:28.0,0.2392578125,0.8154296875
86,15:28.0,0.244140625,0.8056640625
87,15:28.0,0.244140625,0.80078125
88,15:28.0,0.244140625,0.7958984375
89,15:28.0,0.2490234375,0.791015625
90,15:28.0,0.25390625,0.7958984375
91,15:28.0,0.2490234375,0.810546875
92,15:28.0,0.244140625,0.810546875
93,15:28.0,0.2490234375,0.8349609375
94,15:28.0,0.244140625,0.8544921875
95,15:28.0,0.2490234375,0.8642578125
96,15:28.0,0.2490234375,0.869140625
97,15:28.0,0.2490234375,0.8642578125
98,15:28.0,0.25390625,0.869140625
99,15:28.0,0.2783203125,0.8642578125
100,15:28.0,0.29296875,0.859375
101,15:28.0,0.2978515625,0.87890625
102,15:28.0,0.29296875,0.8935546875
103,15:28.0,0.2978515625,0.8984375
104,15:28.0,0.3125,0.927734375
105,15:28.0,0.2978515625,0.9423828125
106,15:28.1,0.3125,0.947265625
107,15:28.1,0.3466796875,0.9423828125
108,15:28.1,0.3662109375,0.947265625
109,15:28.1,0.37109375,0.95703125
110,15:28.1,0.37109375,0.947265625
111,15:28.1,0.3662109375,0.947265625
112,15:28.1,0.3662109375,0.9619140625
113,15:28.1,0.37109375,0.9716796875
114,15:28.1,0.361328125,0.9716796875
115,15:28.1,0.37109375,1.0009765625
116,15:28.1,0.390625,1.0107421875
117,15:28.1,0.439453125,1.0205078125
118,15:28.1,0.5029296875,1.015625
119,15:28.1,0.5224609375,1.0205078125
120,15:28.1,0.546875,1.0107421875
121,15:28.1,0.595703125,1.0107421875
122,15:28.1,0.625,1.015625
123,15:28.1,0.615234375,1.0302734375
124,15:28.1,0.6005859375,1.044921875
125,15:28.1,0.5908203125,1.07421875
126,15:28.1,0.576171875,1.0986328125
127,15:28.1,0.6103515625,1.1279296875
128,15:28.1,0.5712890625,1.1181640625
129,15:28.1,0.5712890625,1.1181640625
130,15:28.1,0.595703125,1.1181640625
131,15:28.1,0.5517578125,1.103515625
132,15:28.1,0.5517578125,1.1181640625
133,15:28.2,0.56640625,1.1279296875
134,15:28.2,0.5712890625,1.1328125
135,15:28.2,0.5615234375,1.1572265625
136,15:28.2,0.56640625,1.162109375
137,15:28.2,0.576171875,1.181640625
138,15:28.2,0.56640625,1.1767578125
139,15:28.2,0.60546875,1.1865234375
140,15:28.2,0.60546875,1.1767578125
141,15:28.2,0.6201171875,1.19140625
142,15:28.2,0.60546875,1.1962890625
143,15:28.2,0.625,1.2109375
144,15:28.2,0.6396484375,1.23046875
145,15:28.2,0.6298828125,1.26953125
146,15:28.2,0.6298828125,1.298828125
147,15:28.2,0.6689453125,1.2939453125
148,15:28.2,0.693359375,1.2890625
149,15:28.2,0.6884765625,1.2890625
150,15:28.2,0.7080078125,1.2841796875
151,15:28.2,0.6982421875,1.2841796875
152,15:28.2,0.693359375,1.2890625
153,15:28.2,0.703125,1.2841796875
154,15:28.2,0.7275390625,1.298828125
155,15:28.2,0.7666015625,1.3330078125
156,15:28.2,0.771484375,1.3525390625
157,15:28.2,0.7958984375,1.3720703125
158,15:28.2,0.83984375,1.376953125
159,15:28.3,0.8447265625,1.3818359375
160,15:28.3,0.87890625,1.3916015625
161,15:28.3,0.9130859375,1.4111328125
162,15:28.3,0.9375,1.4453125
163,15:28.3,0.9912109375,1.474609375
164,15:28.3,0.966796875,1.513671875
165,15:28.3,0.9521484375,1.552734375
166,15:28.3,0.9716796875,1.5869140625
167,15:28.3,0.9814453125,1.591796875
168,15:28.3,1.0595703125,1.5771484375
169,15:28.3,1.162109375,1.552734375
170,15:28.3,1.1767578125,1.5234375
171,15:28.3,1.181640625,1.50390625
172,15:28.3,1.162109375,1.533203125
173,15:28.3,1.1376953125,1.5673828125
174,15:28.3,1.1572265625,1.6357421875
175,15:28.3,1.220703125,1.6943359375
176,15:28.3,1.2744140625,1.7333984375
177,15:28.3,1.298828125,1.7724609375
178,15:28.3,1.357421875,1.8115234375
179,15:28.3,1.3623046875,1.845703125
180,15:28.3,1.3427734375,1.8896484375
181,15:28.3,1.3427734375,1.9482421875
182,15:28.3,1.376953125,1.9921875
183,15:28.3,1.42578125,2.0263671875
184,15:28.4,1.455078125,2.0849609375
185,15:28.4,1.4697265625,2.1240234375
186,15:28.4,1.435546875,2.1533203125
187,15:28.4,1.416015625,2.138671875
188,15:28.4,1.484375,2.099609375
189,15:28.4,1.494140625,2.0849609375
190,15:28.4,1.513671875,2.0947265625
191,15:28.4,1.5185546875,2.138671875
192,15:28.4,1.5380859375,2.1875
193,15:28.4,1.5478515625,2.2314453125
194,15:28.4,1.572265625,2.265625
195,15:28.4,1.572265625,2.3046875
196,15:28.4,1.5673828125,2.32421875
197,15:28.4,1.54296875,2.3291015625
198,15:28.4,1.533203125,2.32421875
199,15:28.4,1.50390625,2.3193359375
200,15:28.4,1.4892578125,2.3095703125
201,15:28.4,1.4697265625,2.2998046875
202,15:28.4,1.474609375,2.2607421875
203,15:28.4,1.533203125,2.24609375
204,15:28.4,1.6455078125,2.236328125
205,15:28.4,1.69921875,2.2607421875
206,15:28.4,1.708984375,2.294921875
207,15:28.4,1.7138671875,2.32421875
208,15:28.4,1.6943359375,2.34375
209,15:28.4,1.6943359375,2.3779296875
210,15:28.5,1.7236328125,2.451171875
211,15:28.5,1.767578125,2.529296875
212,15:28.5,1.7919921875,2.59765625
213,15:28.5,1.7626953125,2.6416015625
214,15:28.5,1.73828125,2.7001953125
215,15:28.5,1.71875,2.7490234375
216,15:28.5,1.71875,2.79296875
217,15:28.5,1.708984375,2.8466796875
218,15:28.5,1.728515625,2.8564453125
219,15:28.5,1.728515625,2.8125
220,15:28.5,1.7041015625,2.8076171875
221,15:28.5,1.689453125,2.890625
222,15:28.5,1.73828125,2.9638671875
223,15:28.5,1.826171875,3.0078125
224,15:28.5,1.884765625,3.0712890625
225,15:28.5,1.85546875,3.1591796875
226,15:28.5,1.81640625,3.251953125
227,15:28.5,1.7919921875,3.349609375
228,15:28.5,1.7626953125,3.4619140625
229,15:28.5,1.7333984375,3.5498046875
230,15:28.5,1.748046875,3.642578125
231,15:28.5,1.7236328125,3.73046875
232,15:28.5,1.71875,3.7841796875
233,15:28.5,1.748046875,3.818359375
234,15:28.5,1.7724609375,3.876953125
235,15:28.5,1.787109375,3.96484375
236,15:28.5,1.8408203125,4.1259765625
237,15:28.5,1.8408203125,4.2529296875
238,15:28.6,1.7919921875,4.31640625
239,15:28.6,1.7724609375,4.4140625
240,15:28.6,1.8212890625,4.4482421875
241,15:28.6,1.8798828125,4.4482421875
242,15:28.6,1.8994140625,4.443359375
243,15:28.6,1.904296875,4.4482421875
244,15:28.6,1.8994140625,4.453125
245,15:28.6,1.8896484375,4.453125
246,15:28.6,1.8798828125,4.4482421875
247,15:28.6,1.845703125,4.4580078125
248,15:28.6,1.81640625,4.453125
249,15:28.6,1.8017578125,4.4482421875
250,15:28.6,1.8310546875,4.4482421875
251,15:28.6,1.8310546875,4.4482421875
252,15:28.6,1.845703125,4.4482421875
253,15:28.6,1.884765625,4.443359375
254,15:28.6,1.9091796875,4.4482421875
255,15:28.6,1.904296875,4.4482421875
256,15:28.6,1.8994140625,4.443359375
257,15:28.6,1.9287109375,4.443359375
258,15:28.6,1.9189453125,4.443359375
259,15:28.6,1.923828125,4.443359375
260,15:28.6,1.9189453125,4.4482421875
261,15:28.6,1.8701171875,4.4580078125
262,15:28.6,1.845703125,4.453125
263,15:28.6,1.9091796875,4.453125
264,15:28.6,1.9287109375,4.453125
265,15:28.7,1.9140625,4.453125
266,15:28.7,1.89453125,4.453125
267,15:28.7,1.8798828125,4.453125
268,15:28.7,1.875,4.453125
269,15:28.7,1.8896484375,4.4482421875
270,15:28.7,1.8798828125,4.4482421875
271,15:28.7,1.8701171875,4.453125
272,15:28.7,1.845703125,4.443359375
273,15:28.7,1.8212890625,4.453125
274,15:28.7,1.796875,4.4580078125
275,15:28.7,1.796875,4.4580078125
276,15:28.7,1.806640625,4.443359375
277,15:28.7,1.8603515625,4.443359375
278,15:28.7,1.9384765625,4.443359375
279,15:28.7,1.9775390625,4.443359375
280,15:28.7,2.01171875,4.443359375
281,15:28.7,2.021484375,4.443359375
282,15:28.7,2.060546875,4.443359375
283,15:28.7,2.0458984375,4.4287109375
284,15:28.7,2.01171875,4.443359375
285,15:28.7,1.9921875,4.443359375
286,15:28.7,1.9580078125,4.443359375
287,15:28.7,1.9482421875,4.443359375
288,15:28.7,1.904296875,4.3310546875
289,15:28.7,1.875,4.443359375
290,15:28.7,1.9140625,4.4482421875
291,15:28.7,1.9970703125,4.4384765625
292,15:28.8,2.1044921875,4.443359375
293,15:28.8,2.109375,4.443359375
294,15:28.8,2.099609375,4.443359375
295,15:28.8,2.0654296875,4.443359375
296,15:28.8,2.0166015625,4.443359375
297,15:28.8,1.9775390625,4.443359375
298,15:28.8,1.962890625,4.443359375
299,15:28.8,1.9189453125,4.47265625
300,15:28.8,1.8896484375,4.4482421875
301,15:28.8,1.8603515625,4.443359375
302,15:28.8,1.865234375,4.443359375
303,15:28.8,1.865234375,4.4384765625
304,15:28.8,1.884765625,4.4384765625
305,15:28.8,1.9091796875,4.43359375
306,15:28.8,1.953125,4.4384765625
307,15:28.8,1.9921875,4.4384765625
308,15:28.8,1.9775390625,4.4384765625
309,15:28.8,1.982421875,4.4384765625
310,15:28.8,1.9384765625,4.43359375
311,15:28.8,1.9140625,4.4384765625
312,15:28.8,1.8896484375,4.4482421875
313,15:28.8,1.845703125,4.4580078125
314,15:28.8,1.81640625,4.4482421875
315,15:28.8,1.8212890625,4.443359375
316,15:28.8,1.8701171875,4.443359375
317,15:28.8,1.875,4.443359375
318,15:28.8,1.8603515625,4.4384765625
319,15:28.8,1.8408203125,4.4482421875
320,15:28.9,1.81640625,4.43359375
321,15:28.9,1.81640625,4.4384765625
322,15:28.9,1.85546875,4.43359375
323,15:28.9,1.8798828125,4.4384765625
324,15:28.9,1.8896484375,4.4384765625
325,15:28.9,1.865234375,4.43359375
326,15:28.9,1.845703125,4.43359375
327,15:28.9,1.806640625,4.43359375
328,15:28.9,1.767578125,4.443359375
329,15:28.9,1.7919921875,4.443359375
330,15:28.9,1.7822265625,4.4384765625
331,15:28.9,1.826171875,4.4482421875
332,15:28.9,1.9140625,4.443359375
333,15:28.9,1.9580078125,4.4482421875
334,15:28.9,1.953125,4.4482421875
335,15:28.9,1.943359375,4.443359375
336,15:28.9,1.9580078125,4.443359375
337,15:28.9,1.9580078125,4.4384765625
338,15:28.9,1.923828125,4.4384765625
339,15:28.9,1.923828125,4.4384765625
340,15:28.9,1.9091796875,4.4384765625
341,15:28.9,1.865234375,4.453125
342,15:28.9,1.8505859375,4.453125
343,15:28.9,1.8408203125,4.4384765625
344,15:28.9,1.875,4.43359375
345,15:28.9,1.8994140625,4.43359375
346,15:28.9,1.865234375,4.4482421875
347,15:29.0,1.8505859375,4.4287109375
348,15:29.0,1.8896484375,4.43359375
349,15:29.0,1.962890625,4.4287109375
350,15:29.0,1.9970703125,4.4287109375
351,15:29.0,1.982421875,4.43359375
352,15:29.0,1.9677734375,4.43359375
353,15:29.0,1.943359375,4.43359375
354,15:29.0,1.9189453125,4.43359375
355,15:29.0,1.875,4.4482421875
356,15:29.0,1.8408203125,4.43359375
357,15:29.0,1.8212890625,4.43359375
358,15:29.0,1.8212890625,4.43359375
359,15:29.0,1.7919921875,4.443359375
360,15:29.0,1.7919921875,4.4287109375
361,15:29.0,1.826171875,4.43359375
362,15:29.0,1.826171875,4.43359375
363,15:29.0,1.8408203125,4.4287109375
364,15:29.0,1.85546875,4.43359375
365,15:29.0,1.8212890625,4.4482421875
366,15:29.0,1.7822265625,4.4384765625
367,15:29.0,1.7578125,4.4384765625
368,15:29.0,1.7529296875,4.43359375
369,15:29.0,1.767578125,4.43359375
370,15:29.0,1.748046875,4.4482421875
371,15:29.0,1.7236328125,4.453125
372,15:29.0,1.6943359375,4.453125
373,15:29.0,1.6943359375,4.453125
374,15:29.1,1.6650390625,4.462890625
375,15:29.1,1.650390625,4.4482421875
376,15:29.1,1.630859375,4.4482421875
377,15:29.1,1.6552734375,4.4482421875
378,15:29.1,1.6552734375,4.4482421875
379,15:29.1,1.689453125,4.4482421875
380,15:29.1,1.7138671875,4.4482421875
381,15:29.1,1.6943359375,4.4482421875
382,15:29.1,1.6845703125,4.4482421875
383,15:29.1,1.66015625,4.4580078125
384,15:29.1,1.66015625,4.4580078125
385,15:29.1,1.6650390625,4.4580078125
386,15:29.1,1.6455078125,4.3408203125
387,15:29.1,1.6064453125,4.4580078125
388,15:29.1,1.591796875,4.453125
389,15:29.1,1.62109375,4.4482421875
390,15:29.1,1.7138671875,4.4482421875
391,15:29.1,1.73828125,4.453125
392,15:29.1,1.7236328125,4.4580078125
393,15:29.1,1.689453125,4.453125
394,15:29.1,1.66015625,4.4482421875
395,15:29.1,1.6455078125,4.453125
396,15:29.1,1.640625,4.453125
397,15:29.1,1.62109375,4.453125
398,15:29.1,1.62109375,4.453125
399,15:29.1,1.6064453125,4.462890625
400,15:29.1,1.611328125,4.462890625
401,15:29.1,1.58203125,4.453125
402,15:29.2,1.6064453125,4.453125
403,15:29.2,1.6650390625,4.453125
404,15:29.2,1.650390625,4.453125
405,15:29.2,1.650390625,4.453125
406,15:29.2,1.62109375,4.4775390625
407,15:29.2,1.5869140625,4.4873046875
408,15:29.2,1.58203125,4.482421875
409,15:29.2,1.5576171875,4.4580078125
410,15:29.2,1.5771484375,4.4580078125
411,15:29.2,1.6015625,4.4580078125
412,15:29.2,1.572265625,4.4677734375
413,15:29.2,1.572265625,4.4677734375
414,15:29.2,1.54296875,4.4677734375
415,15:29.2,1.5087890625,4.453125
416,15:29.2,1.4794921875,4.4482421875
417,15:29.2,1.4892578125,4.443359375
418,15:29.2,1.4990234375,4.443359375
419,15:29.2,1.533203125,4.443359375
420,15:29.2,1.533203125,4.443359375
421,15:29.2,1.5478515625,4.443359375
422,15:29.2,1.533203125,4.443359375
423,15:29.2,1.494140625,4.453125
424,15:29.2,1.5673828125,4.453125
425,15:29.2,1.5625,4.443359375
426,15:29.2,1.5771484375,4.443359375
427,15:29.2,1.611328125,4.4384765625
428,15:29.3,1.6064453125,4.4580078125
429,15:29.3,1.591796875,4.453125
430,15:29.3,1.572265625,4.443359375
431,15:29.3,1.533203125,4.462890625
432,15:29.3,1.4990234375,4.4580078125
433,15:29.3,1.4697265625,4.4482421875
434,15:29.3,1.4599609375,4.443359375
435,15:29.3,1.435546875,4.453125
436,15:29.3,1.40625,4.4482421875
437,15:29.3,1.4111328125,4.4482421875
438,15:29.3,1.4111328125,4.4482421875
439,15:29.3,1.4013671875,4.4482421875
440,15:29.3,1.4111328125,4.4482421875
441,15:29.3,1.396484375,4.453125
442,15:29.3,1.3623046875,4.4580078125
443,15:29.3,1.357421875,4.462890625
444,15:29.3,1.328125,4.453125
445,15:29.3,1.298828125,4.462890625
446,15:29.3,1.3037109375,4.462890625
447,15:29.3,1.298828125,4.453125
448,15:29.3,1.3427734375,4.4482421875
449,15:29.3,1.3671875,4.4580078125
450,15:29.3,1.3720703125,4.462890625
451,15:29.3,1.3671875,4.4677734375
452,15:29.3,1.3671875,4.4482421875
453,15:29.3,1.4111328125,4.4482421875
454,15:29.4,1.4208984375,4.4482421875
455,15:29.4,1.4013671875,4.4482421875
456,15:29.4,1.376953125,4.4482421875
457,15:29.4,1.3525390625,4.453125
458,15:29.4,1.3134765625,4.3603515625
459,15:29.4,1.2890625,4.453125
460,15:29.4,1.2646484375,4.4580078125
461,15:29.4,1.240234375,4.453125
462,15:29.4,1.2158203125,4.4580078125
463,15:29.4,1.240234375,4.4677734375
464,15:29.4,1.2451171875,4.4580078125
465,15:29.4,1.2158203125,4.462890625
466,15:29.4,1.201171875,4.443359375
467,15:29.4,1.2060546875,4.443359375
468,15:29.4,1.19140625,4.443359375
469,15:29.4,1.171875,4.453125
470,15:29.4,1.2353515625,4.453125
471,15:29.4,1.240234375,4.4482421875
472,15:29.4,1.240234375,4.4482421875
473,15:29.4,1.2353515625,4.453125
474,15:29.4,1.2451171875,4.4482421875
475,15:29.4,1.2158203125,4.462890625
476,15:29.4,1.201171875,4.443359375
477,15:29.4,1.171875,4.4580078125
478,15:29.4,1.2060546875,4.4580078125
479,15:29.4,1.2353515625,4.43359375
480,15:29.5,1.2646484375,4.443359375
481,15:29.5,1.2841796875,4.4580078125
482,15:29.5,1.279296875,4.462890625
483,15:29.5,1.2646484375,4.462890625
484,15:29.5,1.26953125,4.453125
485,15:29.5,1.3037109375,4.453125
486,15:29.5,1.2841796875,4.443359375
487,15:29.5,1.279296875,4.443359375
488,15:29.5,1.2890625,4.453125
489,15:29.5,1.3525390625,4.453125
490,15:29.5,1.3671875,4.4482421875
491,15:29.5,1.4013671875,4.453125
492,15:29.5,1.396484375,4.4580078125
493,15:29.5,1.396484375,4.4580078125
494,15:29.5,1.3720703125,4.453125
495,15:29.5,1.435546875,4.453125
496,15:29.5,1.4892578125,4.453125
497,15:29.5,1.4794921875,4.443359375
498,15:29.5,1.46484375,4.443359375
499,15:29.5,1.4599609375,4.453125
500,15:29.5,1.435546875,4.443359375
501,15:29.5,1.4111328125,4.4677734375
502,15:29.5,1.591796875,4.4580078125
503,15:29.5,1.71875,4.404296875
504,15:29.5,1.708984375,4.4384765625
505,15:29.5,1.708984375,4.4384765625
506,15:29.6,1.6796875,4.443359375
507,15:29.6,1.6748046875,4.443359375
508,15:29.6,1.6552734375,4.453125
509,15:29.6,1.7041015625,4.453125
510,15:29.6,1.7333984375,4.453125
511,15:29.6,1.7822265625,4.453125
512,15:29.6,1.787109375,4.453125
513,15:29.6,1.8310546875,4.453125
514,15:29.6,1.8212890625,4.4384765625
515,15:29.6,1.8212890625,4.4384765625
516,15:29.6,1.81640625,4.4482421875
517,15:29.6,1.845703125,4.453125
518,15:29.6,1.8408203125,4.4482421875
519,15:29.6,1.865234375,4.4482421875
520,15:29.6,1.93359375,4.4482421875
521,15:29.6,1.9482421875,4.4482421875
522,15:29.6,1.923828125,4.443359375
523,15:29.6,1.9091796875,4.4384765625
524,15:29.6,1.865234375,4.453125
525,15:29.6,1.875,4.4482421875
526,15:29.6,1.8701171875,4.43359375
527,15:29.6,1.8408203125,4.453125
528,15:29.6,1.9677734375,4.4482421875
529,15:29.6,2.03125,4.453125
530,15:29.6,1.9873046875,4.443359375
531,15:29.6,1.9482421875,4.443359375
532,15:29.6,1.9384765625,4.443359375
533,15:29.7,1.8896484375,4.4580078125
534,15:29.7,1.9091796875,4.453125
535,15:29.7,1.9775390625,4.453125
536,15:29.7,1.9873046875,4.4580078125
537,15:29.7,1.9482421875,4.453125
538,15:29.7,2.001953125,4.453125
539,15:29.7,1.9921875,4.4580078125
540,15:29.7,1.9482421875,4.453125
541,15:29.7,1.9482421875,4.453125
542,15:29.7,1.9384765625,4.4580078125
543,15:29.7,1.9287109375,4.453125
544,15:29.7,1.97265625,4.453125
545,15:29.7,1.9970703125,4.453125
546,15:29.7,1.97265625,4.453125
547,15:29.7,2.021484375,4.453125
548,15:29.7,2.0361328125,4.326171875
549,15:29.7,2.041015625,4.4384765625
550,15:29.7,2.0068359375,4.453125
551,15:29.7,2.01171875,4.453125
552,15:29.7,2.01171875,4.453125
553,15:29.7,1.9677734375,4.453125
554,15:29.7,1.9775390625,4.4580078125
555,15:29.7,2.001953125,4.453125
556,15:29.7,1.9873046875,4.453125
557,15:29.7,1.982421875,4.453125
558,15:29.7,2.0849609375,4.4482421875
559,15:29.7,2.158203125,4.453125
560,15:29.8,2.1533203125,4.453125
561,15:29.8,2.099609375,4.453125
562,15:29.8,2.060546875,4.453125
563,15:29.8,2.021484375,4.453125
564,15:29.8,2.001953125,4.4580078125
565,15:29.8,2.0947265625,4.47265625
566,15:29.8,2.12890625,4.47265625
567,15:29.8,2.080078125,4.453125
568,15:29.8,2.041015625,4.4580078125
569,15:29.8,2.041015625,4.4580078125
570,15:29.8,2.05078125,4.4580078125
571,15:29.8,2.109375,4.4580078125
572,15:29.8,2.1533203125,4.4580078125
573,15:29.8,2.1142578125,4.453125
574,15:29.8,2.0947265625,4.4580078125
575,15:29.8,2.0751953125,4.4580078125
576,15:29.8,2.0361328125,4.443359375
577,15:29.8,2.060546875,4.4482421875
578,15:29.8,2.177734375,4.453125
579,15:29.8,2.1826171875,4.43359375
580,15:29.8,2.158203125,4.4482421875
581,15:29.8,2.1435546875,4.453125
582,15:29.8,2.2705078125,4.453125
583,15:29.8,2.265625,4.443359375
584,15:29.8,2.2265625,4.4580078125
585,15:29.8,2.216796875,4.453125
586,15:29.9,2.216796875,4.453125
587,15:29.9,2.255859375,4.453125
588,15:29.9,2.34375,4.453125
589,15:29.9,2.36328125,4.3994140625
590,15:29.9,2.2802734375,4.453125
591,15:29.9,2.236328125,4.4580078125
592,15:29.9,2.255859375,4.4677734375
593,15:29.9,2.28515625,4.423828125
594,15:29.9,2.2265625,4.453125
595,15:29.9,2.197265625,4.4580078125
596,15:29.9,2.236328125,4.4580078125
597,15:29.9,2.2021484375,4.443359375
598,15:29.9,2.1484375,4.453125
599,15:29.9,2.1533203125,4.453125
600,15:29.9,2.197265625,4.4580078125
601,15:29.9,2.1923828125,4.462890625
602,15:29.9,2.1728515625,4.453125
603,15:29.9,2.1484375,4.453125
604,15:29.9,2.1337890625,4.453125
605,15:29.9,2.109375,4.4580078125
606,15:29.9,2.080078125,4.4580078125
607,15:29.9,2.0947265625,4.453125
608,15:29.9,2.2265625,4.453125
609,15:29.9,2.333984375,4.453125
610,15:30.0,2.3193359375,4.443359375
611,15:30.0,2.2998046875,4.443359375
612,15:30.0,2.24609375,4.453125
613,15:30.0,2.216796875,4.453125
614,15:30.0,2.2314453125,4.453125
615,15:30.0,2.333984375,4.453125
616,15:30.0,2.3486328125,4.453125
617,15:30.0,2.3291015625,4.453125
618,15:30.0,2.2998046875,4.453125
619,15:30.0,2.275390625,4.404296875
620,15:30.0,2.216796875,4.4384765625
621,15:30.0,2.158203125,4.453125
622,15:30.0,2.138671875,4.453125
623,15:30.0,2.2412109375,4.453125
624,15:30.0,2.373046875,4.453125
625,15:30.0,2.353515625,4.443359375
626,15:30.0,2.333984375,4.443359375
627,15:30.0,2.275390625,4.453125
628,15:30.0,2.2802734375,4.453125
629,15:30.0,2.255859375,4.453125
630,15:30.0,2.3046875,4.4482421875
631,15:30.0,2.40234375,4.4482421875
632,15:30.0,2.3583984375,4.443359375
633,15:30.0,2.3291015625,4.4482421875
634,15:30.1,2.294921875,4.453125
635,15:30.1,2.3046875,4.4482421875
636,15:30.1,2.2900390625,4.453125
637,15:30.1,2.2900390625,4.4482421875
638,15:30.1,2.392578125,4.4482421875
639,15:30.1,2.4267578125,4.4580078125
640,15:30.1,2.3876953125,4.3359375
641,15:30.1,2.36328125,4.443359375
642,15:30.1,2.314453125,4.4482421875
643,15:30.1,2.275390625,4.4482421875
644,15:30.1,2.412109375,4.443359375
645,15:30.1,2.490234375,4.384765625
646,15:30.1,2.3974609375,4.43359375
647,15:30.1,2.34375,4.443359375
648,15:30.1,2.2998046875,4.4482421875
649,15:30.1,2.265625,4.4482421875
650,15:30.1,2.2509765625,4.453125
651,15:30.1,2.275390625,4.4482421875
652,15:30.1,2.3388671875,4.443359375
653,15:30.1,2.4267578125,4.443359375
654,15:30.1,2.392578125,4.43359375
655,15:30.1,2.3291015625,4.443359375
656,15:30.1,2.3583984375,4.443359375
657,15:30.1,2.353515625,4.443359375
658,15:30.1,2.3046875,4.443359375
659,15:30.1,2.275390625,4.453125
660,15:30.2,2.3095703125,4.453125
661,15:30.2,2.2802734375,4.4384765625
662,15:30.2,2.236328125,4.4580078125
663,15:30.2,2.1923828125,4.453125
664,15:30.2,2.1484375,4.453125
665,15:30.2,2.1240234375,4.453125
666,15:30.2,2.1533203125,4.453125
667,15:30.2,2.216796875,4.453125
668,15:30.2,2.2412109375,4.453125
669,15:30.2,2.197265625,4.453125
670,15:30.2,2.1826171875,4.462890625
671,15:30.2,2.2705078125,4.462890625
672,15:30.2,2.3974609375,4.4677734375
673,15:30.2,2.3779296875,4.4580078125
674,15:30.2,2.36328125,4.4580078125
675,15:30.2,2.353515625,4.4580078125
676,15:30.2,2.32421875,4.462890625
677,15:30.2,2.2998046875,4.4677734375
678,15:30.2,2.353515625,4.4677734375
679,15:30.2,2.353515625,4.4677734375
680,15:30.2,2.3681640625,4.4677734375
681,15:30.2,2.4072265625,4.462890625
682,15:30.2,2.4365234375,4.4677734375
683,15:30.2,2.392578125,4.482421875
684,15:30.2,2.421875,4.462890625
685,15:30.2,2.4951171875,4.462890625
686,15:30.3,2.490234375,4.4580078125
687,15:30.3,2.5146484375,4.4580078125
688,15:30.3,2.4462890625,4.47265625
689,15:30.3,2.470703125,4.47265625
690,15:30.3,2.4658203125,4.4677734375
691,15:30.3,2.55859375,4.4677734375
692,15:30.3,2.5439453125,4.4580078125
693,15:30.3,2.5146484375,4.4580078125
694,15:30.3,2.4560546875,4.4677734375
695,15:30.3,2.4462890625,4.4677734375
696,15:30.3,2.4560546875,4.4677734375
697,15:30.3,2.421875,4.4677734375
698,15:30.3,2.373046875,4.4580078125
699,15:30.3,2.373046875,4.4580078125
700,15:30.3,2.4560546875,4.453125
701,15:30.3,2.490234375,4.4580078125
702,15:30.3,2.4560546875,4.443359375
703,15:30.3,2.4169921875,4.453125
704,15:30.3,2.3779296875,4.462890625
705,15:30.3,2.392578125,4.453125
706,15:30.3,2.373046875,4.4580078125
707,15:30.3,2.34375,4.4580078125
708,15:30.3,2.3095703125,4.4580078125
709,15:30.3,2.34375,4.453125
710,15:30.3,2.2900390625,4.4580078125
711,15:30.3,2.2802734375,4.453125
712,15:30.4,2.265625,4.453125
713,15:30.4,2.255859375,4.453125
714,15:30.4,2.28515625,4.453125
715,15:30.4,2.2900390625,4.453125
716,15:30.4,2.3046875,4.4677734375
717,15:30.4,2.3095703125,4.462890625
718,15:30.4,2.412109375,4.453125
719,15:30.4,2.392578125,4.443359375
720,15:30.4,2.392578125,4.4384765625
721,15:30.4,2.3291015625,4.453125
722,15:30.4,2.2998046875,4.453125
723,15:30.4,2.3388671875,4.453125
724,15:30.4,2.3486328125,4.453125
725,15:30.4,2.32421875,4.453125
726,15:30.4,2.3046875,4.453125
727,15:30.4,2.28515625,4.4677734375
728,15:30.4,2.2607421875,4.453125
729,15:30.4,2.2900390625,4.3896484375
730,15:30.4,2.3095703125,4.31640625
731,15:30.4,2.294921875,4.2529296875
732,15:30.4,2.2412109375,4.208984375
733,15:30.4,2.2412109375,4.1357421875
734,15:30.4,2.2509765625,4.08203125
735,15:30.4,2.1728515625,4.00390625
736,15:30.4,2.1484375,3.92578125
737,15:30.4,2.1337890625,3.8818359375
738,15:30.5,2.080078125,3.84765625
739,15:30.5,2.1044921875,3.759765625
740,15:30.5,2.236328125,3.720703125
741,15:30.5,2.255859375,3.720703125
742,15:30.5,2.216796875,3.69140625
743,15:30.5,2.1875,3.6669921875
744,15:30.5,2.2119140625,3.623046875
745,15:30.5,2.1826171875,3.59375
746,15:30.5,2.2314453125,3.5595703125
747,15:30.5,2.3046875,3.4912109375
748,15:30.5,2.3095703125,3.427734375
749,15:30.5,2.265625,3.388671875
750,15:30.5,2.2705078125,3.349609375
751,15:30.5,2.333984375,3.28125
752,15:30.5,2.3876953125,3.22265625
753,15:30.5,2.421875,3.1689453125
754,15:30.5,2.4365234375,3.1005859375
755,15:30.5,2.4462890625,3.1103515625
756,15:30.5,2.431640625,3.1396484375
757,15:30.5,2.4609375,3.1689453125
758,15:30.5,2.4365234375,3.2080078125
759,15:30.5,2.392578125,3.2080078125
760,15:30.5,2.3876953125,3.173828125
761,15:30.5,2.3681640625,3.14453125
762,15:30.5,2.3388671875,3.1201171875
763,15:30.5,2.314453125,3.0810546875
764,15:30.5,2.3095703125,3.017578125
765,15:30.5,2.36328125,2.9736328125
766,15:30.6,2.4169921875,2.94921875
767,15:30.6,2.40234375,2.91015625
768,15:30.6,2.3583984375,2.861328125
769,15:30.6,2.3291015625,2.8369140625
770,15:30.6,2.3193359375,2.919921875
771,15:30.6,2.28515625,2.9833984375
772,15:30.6,2.255859375,3.0029296875
773,15:30.6,2.2412109375,2.998046875
774,15:30.6,2.2314453125,3.0029296875
775,15:30.6,2.20703125,2.9833984375
776,15:30.6,2.1875,2.9248046875
777,15:30.6,2.16796875,2.9150390625
778,15:30.6,2.109375,2.94921875
779,15:30.6,2.0556640625,2.9736328125
780,15:30.6,2.0556640625,2.94921875
781,15:30.6,2.080078125,3.0029296875
782,15:30.6,2.0654296875,3.06640625
783,15:30.6,2.0751953125,3.1005859375
784,15:30.6,2.08984375,3.1103515625
785,15:30.6,2.1044921875,3.0712890625
786,15:30.6,2.099609375,3.037109375
787,15:30.6,2.099609375,3.0322265625
788,15:30.6,2.0849609375,2.9736328125
789,15:30.6,2.12890625,2.9638671875
790,15:30.7,2.1728515625,2.939453125
791,15:30.7,2.16796875,2.9052734375
792,15:30.7,2.12890625,2.900390625
793,15:30.7,2.08984375,2.939453125
794,15:30.7,2.0361328125,2.919921875
795,15:30.7,1.9970703125,2.9296875
796,15:30.7,1.9970703125,2.8955078125
797,15:30.7,1.982421875,2.87109375
798,15:30.7,1.9580078125,2.822265625
799,15:30.7,1.9580078125,2.7880859375
800,15:30.7,2.0556640625,2.7978515625
801,15:30.7,2.099609375,2.861328125
802,15:30.7,2.0751953125,2.783203125
803,15:30.7,2.0947265625,2.75390625
804,15:30.7,2.05078125,2.71484375
805,15:30.7,2.0166015625,2.6708984375
806,15:30.7,2.021484375,2.7001953125
807,15:30.7,2.0166015625,2.7294921875
808,15:30.7,1.9873046875,2.7099609375
809,15:30.7,1.962890625,2.6806640625
810,15:30.7,1.9287109375,2.65625
811,15:30.7,1.8798828125,2.6025390625
812,15:30.7,1.8798828125,2.607421875
813,15:30.7,1.845703125,2.578125
814,15:30.7,1.8359375,2.5634765625
815,15:30.8,1.796875,2.5341796875
816,15:30.8,1.7578125,2.4951171875
817,15:30.8,1.7724609375,2.4951171875
818,15:30.8,1.865234375,2.5439453125
819,15:30.8,1.884765625,2.5732421875
820,15:30.8,1.8603515625,2.5732421875
821,15:30.8,1.8310546875,2.5390625
822,15:30.8,1.8212890625,2.5
823,15:30.8,1.884765625,2.51953125
824,15:30.8,1.8603515625,2.4853515625
825,15:30.8,1.845703125,2.451171875
826,15:30.8,1.81640625,2.4462890625
827,15:30.8,1.787109375,2.51953125
828,15:30.8,1.787109375,2.5244140625
829,15:30.8,1.7919921875,2.5048828125
830,15:30.8,1.77734375,2.4560546875
831,15:30.8,1.767578125,2.412109375
832,15:30.8,1.806640625,2.431640625
833,15:30.8,1.81640625,2.4560546875
834,15:30.8,1.7626953125,2.4462890625
835,15:30.8,1.7822265625,2.44140625
836,15:30.8,1.7626953125,2.5439453125
837,15:30.8,1.7333984375,2.6318359375
838,15:30.8,1.7236328125,2.724609375
839,15:30.8,1.7041015625,2.783203125
840,15:30.8,1.669921875,2.8076171875
841,15:30.9,1.640625,2.8515625
842,15:30.9,1.6357421875,2.890625
843,15:30.9,1.62109375,2.9248046875
844,15:30.9,1.6015625,2.958984375
845,15:30.9,1.66015625,2.91015625
846,15:30.9,1.728515625,2.890625
847,15:30.9,1.7822265625,2.861328125
848,15:30.9,1.7724609375,2.9296875
849,15:30.9,1.787109375,3.0078125
850,15:30.9,1.7529296875,3.037109375
851,15:30.9,1.7529296875,3.0859375
852,15:30.9,1.796875,3.0908203125
853,15:30.9,1.8359375,3.154296875
854,15:30.9,1.826171875,3.2861328125
855,15:30.9,1.787109375,3.330078125
856,15:30.9,1.7578125,3.4228515625
857,15:30.9,1.71875,3.505859375
858,15:30.9,1.73828125,3.564453125
859,15:30.9,1.708984375,3.6181640625
860,15:30.9,1.6845703125,3.6181640625
861,15:30.9,1.669921875,3.59375
862,15:30.9,1.66015625,3.5302734375
863,15:30.9,1.650390625,3.5205078125
864,15:30.9,1.6455078125,3.5986328125
865,15:30.9,1.6845703125,3.73046875
866,15:31.0,1.6796875,3.8671875
867,15:31.0,1.6845703125,3.9453125
868,15:31.0,1.6748046875,3.9501953125
869,15:31.0,1.6748046875,3.9599609375
870,15:31.0,1.6796875,4.0087890625
871,15:31.0,1.6845703125,4.0576171875
872,15:31.0,1.6552734375,4.1259765625
873,15:31.0,1.6259765625,4.2041015625
874,15:31.0,1.6259765625,4.2578125
875,15:31.0,1.611328125,4.31640625
876,15:31.0,1.5869140625,4.3798828125
877,15:31.0,1.611328125,4.4384765625
878,15:31.0,1.6650390625,4.443359375
879,15:31.0,1.6552734375,4.4482421875
880,15:31.0,1.6357421875,4.443359375
881,15:31.0,1.6259765625,4.443359375
882,15:31.0,1.5966796875,4.443359375
883,15:31.0,1.5771484375,4.443359375
884,15:31.0,1.5966796875,4.443359375
885,15:31.0,1.6162109375,4.443359375
886,15:31.0,1.6064453125,4.443359375
887,15:31.0,1.6162109375,4.443359375
888,15:31.0,1.669921875,4.443359375
889,15:31.0,1.6796875,4.443359375
890,15:31.1,1.640625,4.443359375
891,15:31.1,1.6162109375,4.443359375
892,15:31.1,1.6015625,4.443359375
893,15:31.1,1.591796875,4.443359375
894,15:31.1,1.591796875,4.443359375
895,15:31.1,1.5966796875,4.443359375
896,15:31.1,1.572265625,4.443359375
897,15:31.1,1.5869140625,4.443359375
898,15:31.1,1.6357421875,4.443359375
899,15:31.1,1.6796875,4.443359375
900,15:31.1,1.6796875,4.443359375
901,15:31.1,1.6650390625,4.443359375
902,15:31.1,1.640625,4.443359375
903,15:31.1,1.6259765625,4.443359375
904,15:31.1,1.611328125,4.443359375
905,15:31.1,1.6064453125,4.4482421875
906,15:31.1,1.5966796875,4.4482421875
907,15:31.1,1.6162109375,4.4482421875
908,15:31.1,1.640625,4.4482421875
909,15:31.1,1.66015625,4.4482421875
910,15:31.1,1.689453125,4.4482421875
911,15:31.1,1.7236328125,4.4482421875
912,15:31.1,1.73828125,4.4482421875
913,15:31.1,1.728515625,4.4482421875
914,15:31.2,1.7236328125,4.4482421875
915,15:31.2,1.7431640625,4.4482421875
916,15:31.2,1.7578125,4.4482421875
917,15:31.2,1.7724609375,4.4482421875
918,15:31.2,1.7919921875,4.4482421875
919,15:31.2,1.8115234375,4.4482421875
920,15:31.2,1.8359375,4.453125
921,15:31.2,1.8701171875,4.4482421875
922,15:31.2,1.8994140625,4.4482421875
923,15:31.2,1.923828125,4.4482421875
924,15:31.2,1.9482421875,4.4482421875
925,15:31.2,1.982421875,4.453125
926,15:31.2,2.01171875,4.453125
927,15:31.2,2.05078125,4.453125
928,15:31.2,2.099609375,4.453125
929,15:31.2,2.1435546875,4.4482421875
930,15:31.2,2.1923828125,4.4580078125
931,15:31.2,2.2412109375,4.453125
932,15:31.2,2.2802734375,4.453125
933,15:31.2,2.32421875,4.4775390625
934,15:31.2,2.36328125,4.47265625
935,15:31.2,2.40234375,4.47265625
936,15:31.2,2.4462890625,4.482421875
937,15:31.2,2.509765625,4.4775390625
938,15:31.3,2.5732421875,4.4677734375
939,15:31.3,2.6318359375,4.4580078125
940,15:31.3,2.6904296875,4.4580078125
941,15:31.3,2.7490234375,4.453125
942,15:31.3,2.802734375,4.4580078125
943,15:31.3,2.8564453125,4.453125
944,15:31.3,2.900390625,4.453125
945,15:31.3,2.9443359375,4.453125
946,15:31.3,2.9931640625,4.453125
947,15:31.3,3.046875,4.453125
948,15:31.3,3.10546875,4.453125
949,15:31.3,3.1591796875,4.453125
950,15:31.3,3.2080078125,4.453125
951,15:31.3,3.2568359375,4.453125
952,15:31.3,3.30078125,4.4482421875
953,15:31.3,3.3447265625,4.4482421875
954,15:31.3,3.3837890625,4.453125
955,15:31.3,3.427734375,4.453125
956,15:31.3,3.466796875,4.453125
957,15:31.3,3.505859375,4.453125
958,15:31.3,3.544921875,4.453125
959,15:31.3,3.5791015625,4.453125
960,15:31.3,3.6083984375,4.4482421875
961,15:31.3,3.642578125,4.4482421875
962,15:31.3,3.6669921875,4.4482421875
963,15:31.4,3.6962890625,4.4482421875
964,15:31.4,3.7255859375,4.4482421875
965,15:31.4,3.7451171875,4.4482421875
966,15:31.4,3.76953125,4.4482421875
967,15:31.4,3.7939453125,4.4482421875
968,15:31.4,3.80859375,4.4482421875
969,15:31.4,3.8330078125,4.4482421875
970,15:31.4,3.84765625,4.4482421875
971,15:31.4,3.8623046875,4.4482421875
972,15:31.4,3.8720703125,4.4482421875
973,15:31.4,3.88671875,4.4482421875
974,15:31.4,3.9013671875,4.4482421875
975,15:31.4,3.90625,4.4482421875
976,15:31.4,3.9208984375,4.4482421875
977,15:31.4,3.92578125,4.4482421875
978,15:31.4,3.9306640625,4.4482421875
979,15:31.4,3.9404296875,4.4482421875
980,15:31.4,3.9404296875,4.4482421875
981,15:31.4,3.9453125,4.4482421875
982,15:31.4,3.9453125,4.4482421875
983,15:31.4,3.9404296875,4.4482421875
984,15:31.4,3.9453125,4.4482421875
985,15:31.4,3.9453125,4.4482421875
986,15:31.4,3.9404296875,4.4482421875
987,15:31.4,3.9453125,4.4482421875
988,15:31.4,3.9453125,4.4482421875
989,15:31.5,3.935546875,4.443359375
990,15:31.5,3.9306640625,4.443359375
991,15:31.5,3.92578125,4.443359375
992,15:31.5,3.916015625,4.443359375
993,15:31.5,3.9111328125,4.4482421875
994,15:31.5,3.9013671875,4.4482421875
995,15:31.5,3.896484375,4.4482421875
996,15:31.5,3.896484375,4.4482421875
997,15:31.5,3.8916015625,4.443359375
998,15:31.5,3.8818359375,4.4482421875
999,15:31.5,3.8720703125,4.443359375
