,Waktu,Pipi
0,21:30.8,1.0
1,21:31.3,0.9980589696141484
2,21:31.3,0.9960497532623541
3,21:31.3,0.9939716727573776
4,21:31.3,0.9918240848836922
5,21:31.3,0.9896063830295926
6,21:31.4,0.9873179988000672
7,21:31.4,0.9849584035857304
8,21:31.4,0.9825271100600289
9,21:31.4,0.9800236735807775
10,21:31.4,0.977447693478256
11,21:31.4,0.9747988142218532
12,21:31.4,0.9720767264709054
13,21:31.4,0.9692811680284165
14,21:31.4,0.9664119247246085
15,21:31.4,0.963468831261376
16,21:31.4,0.960451772051006
17,21:31.4,0.957360682075032
18,21:31.4,0.9541955477579857
19,21:31.4,0.9509564078114342
20,21:31.4,0.9476433539964554
21,21:31.4,0.9442565317785316
22,21:31.4,0.9407961408595422
23,21:31.4,0.937262435549399
24,21:31.4,0.9336557249260687
25,21:31.5,0.9299763727600932
26,21:31.5,0.9262247972303114
27,21:31.5,0.9224014704913992
28,21:31.5,0.9185069181504849
29,21:31.5,0.914541718684995
30,21:31.5,0.91050650281476
31,21:31.5,0.9064019528305693
32,21:31.5,0.9022288018700239
33,21:31.5,0.897987833131129
34,21:31.5,0.8936798790363721
35,21:31.5,0.8893058203879767
36,21:31.5,0.8848665855561615
37,21:31.5,0.8803631497075765
38,21:31.5,0.8757965340473713
39,21:31.5,0.871167805048853
40,21:31.5,0.8664780736550831
41,21:31.5,0.8617284944226928
42,21:31.5,0.8569202645560651
43,21:31.5,0.8520546227844662
44,21:31.5,0.8471328480709889
45,21:31.6,0.8421562581865433
46,21:31.6,0.8371262082020391
47,21:31.6,0.8320440889375368
48,21:31.6,0.8269113253832598
49,21:31.6,0.8217293750935835
50,21:31.6,0.8164997265437504
51,21:31.6,0.8112238974312697
52,21:31.6,0.8059034329178999
53,21:31.6,0.8005399038393847
54,21:31.6,0.7951349049252557
55,21:31.6,0.7896900530471245
56,21:31.6,0.7842069854736264
57,21:31.6,0.7786873580996879
58,21:31.6,0.7731328436389242
59,21:31.6,0.7675451297771719
60,21:31.6,0.761925917269635
61,21:31.6,0.7562769179566105
62,21:31.6,0.7505998526942358
63,21:31.6,0.7448964492329903
64,21:31.6,0.739168440099618
65,21:31.6,0.7334175605312652
66,21:31.7,0.7276455464885242
67,21:31.7,0.721854132759772
68,21:31.7,0.7160450511578237
69,21:31.7,0.7102200287932163
70,21:31.7,0.704380786404846
71,21:31.7,0.6985290367528018
72,21:31.7,0.692666483110419
73,21:31.7,0.6867948178955295
74,21:31.7,0.680915721444536
75,21:31.7,0.675030860897728
76,21:31.7,0.6691418891678456
77,21:31.7,0.6632504439817668
78,21:31.7,0.6573581469762482
79,21:31.7,0.6514666028038962
80,21:31.7,0.6455773982055674
81,21:31.7,0.6396921010402435
82,21:31.7,0.6338122593042701
83,21:31.7,0.6279394001864514
84,21:31.7,0.6220750291918045
85,21:31.7,0.6162206293491603
86,21:31.7,0.6103776605083147
87,21:31.8,0.6045475587195719
88,21:31.8,0.598731735675173
89,21:31.8,0.5929315781992178
90,21:31.8,0.5871484478007627
91,21:31.8,0.581383680323234
92,21:31.8,0.5756385857060445
93,21:31.8,0.5699144478382424
94,21:31.8,0.5642125244724264
95,21:31.8,0.5585340471817691
96,21:31.8,0.5528802213418338
97,21:31.8,0.547252226092065
98,21:31.8,0.5416512142187275
99,21:31.8,0.5360783119279309
100,21:31.8,0.5305346185256784
101,21:31.8,0.5250212060549965
102,21:31.8,0.5195391189399152
103,21:31.8,0.5140893736685281
104,21:31.8,0.5086729585372558
105,21:31.8,0.5032908334730839
106,21:31.8,0.4979439299383802
107,21:31.9,0.4926331509163525
108,21:31.9,0.487359370988665
109,21:31.9,0.48212343653584655
110,21:31.9,0.47692616608546573
111,21:31.9,0.4717683507946705
112,21:31.9,0.4666507550200314
113,21:31.9,0.4615741169342116
114,21:31.9,0.4565391491693175
115,21:31.9,0.45154653945874684
116,21:31.9,0.4465969512267583
117,21:31.9,0.4416910240783014
118,21:31.9,0.43682937417952333
119,21:31.9,0.4320125945647467
120,21:31.9,0.4272412554244957
121,21:31.9,0.42251590441341885
122,21:31.9,0.41783706699195
123,21:31.9,0.4132052468018935
124,21:31.9,0.4086209260669065
125,21:31.9,0.4040845660011726
126,21:31.9,0.39959660721762924
127,21:32.0,0.39515747015191066
128,21:32.0,0.39076755553370174
129,21:32.0,0.38642724491996644
130,21:32.0,0.3821369012711827
131,21:32.0,0.37789686954280427
132,21:32.0,0.37370747728003006
133,21:32.0,0.36956903520610235
134,21:32.0,0.36548183777589593
135,21:32.0,0.3614461636600806
136,21:32.0,0.35746227614752485
137,21:32.0,0.3535304234891437
138,21:32.0,0.3496508392281761
139,21:32.0,0.3458237425562836
140,21:32.0,0.34204933871582627
141,21:32.0,0.3383278194562166
142,21:32.0,0.3346593635427534
143,21:32.0,0.33104413730386606
144,21:32.0,0.32748229520128086
145,21:32.0,0.32397398042582753
146,21:32.0,0.32051932554283447
147,21:32.0,0.317118453206942
148,21:32.1,0.31377147693102253
149,21:32.1,0.31047850186536236
150,21:32.1,0.30723962555312645
151,21:32.1,0.3040549386496493
152,21:32.1,0.30092452558719357
153,21:32.1,0.29784846514568813
154,21:32.1,0.2948268308927058
155,21:32.1,0.29185969149235097
156,21:32.1,0.2889471109236148
157,21:32.1,0.286089148660136
158,21:32.1,0.2832858598442682
159,21:32.1,0.28053729546817197
160,21:32.1,0.27784350256750856
161,21:32.1,0.2752045244247495
162,21:32.1,0.27262040076752836
163,21:32.1,0.27009116795468596
164,21:32.1,0.2676168591713121
165,21:32.1,0.2651975046735107
166,21:32.1,0.26283313210608916
167,21:32.1,0.2605237668779787
168,21:32.1,0.25826943256563173
169,21:32.2,0.2560701513299142
170,21:32.2,0.25392594433621696
171,21:32.2,0.25183683214610025
172,21:32.2,0.2498028350360518
173,21:32.2,0.24782397322131597
174,21:32.2,0.2459002670048436
175,21:32.2,0.2440317368964952
176,21:32.2,0.24221840373695927
177,21:32.2,0.24046028883436305
178,21:32.2,0.238757414108223
179,21:32.2,0.2371098022315102
180,21:32.2,0.23551747675366735
181,21:32.2,0.23398046218741653
182,21:32.2,0.2324987840631646
183,21:32.2,0.23107246898015069
184,21:32.2,0.22970154468356965
185,21:32.2,0.2283860401650508
186,21:32.2,0.227125985755009
187,21:32.2,0.22592141318113057
188,21:32.2,0.2247723555845467
189,21:32.2,0.22367884747790595
190,21:32.2,0.22264092460899262
191,21:32.3,0.22165862369631628
192,21:32.3,0.22073198203710903
193,21:32.3,0.21986103702725435
194,21:32.3,0.21904582564556432
195,21:32.3,0.21828638393698596
196,21:32.3,0.21758274650789075
197,21:32.3,0.21693494604013383
198,21:32.3,0.21634301282581678
199,21:32.3,0.21580697431553525
200,21:32.3,0.21532685467739426
201,21:32.3,0.21490267438738822
202,21:32.3,0.21453444988817585
203,21:32.3,0.21422219333695391
204,21:32.3,0.21396591242742416
205,21:32.3,0.21376561025777094
206,21:32.3,0.21362128523243237
207,21:32.3,0.21353293099115667
208,21:32.3,0.21350053633982258
209,21:32.3,0.2135240851447221
210,21:32.3,0.21360355617027366
211,21:32.4,0.2137389228782831
212,21:32.4,0.2139301532335146
213,21:32.4,0.21417720955467504
214,21:32.4,0.2144800484267415
215,21:32.4,0.21483862067720008
216,21:32.4,0.2152528714134597
217,21:32.4,0.21572274010770748
218,21:32.4,0.2162481607107935
219,21:32.4,0.21682906179344513
220,21:32.4,0.21746536673672723
221,21:32.4,0.21815699399310676
222,21:32.4,0.21890385740678017
223,21:32.4,0.21970586655301472
224,21:32.4,0.22056292706440772
225,21:32.4,0.22147494093135542
226,21:32.4,0.22244180675634392
227,21:32.4,0.2234634199214643
228,21:32.4,0.22453967263306462
229,21:32.4,0.22567045384208673
230,21:32.4,0.22685564907712905
231,21:32.4,0.22809514024015237
232,21:32.5,0.229388805397822
233,21:32.5,0.23073651858093328
234,21:32.5,0.23213814959877643
235,21:32.5,0.23359356387208782
236,21:32.5,0.23510262227930234
237,21:32.5,0.23666518101330408
238,21:32.5,0.23828109146645632
239,21:32.5,0.2399502001754646
240,21:32.5,0.24167234883919914
241,21:32.5,0.2434473743871959
242,21:32.5,0.245275109065264
243,21:32.5,0.24715538052286642
244,21:32.5,0.24908801189563895
245,21:32.5,0.2510728218573874
246,21:32.5,0.2531096245986545
247,21:32.5,0.25519822970332784
248,21:32.5,0.2573384419332329
249,21:32.5,0.25953006096141595
250,21:32.5,0.2617728810963765
251,21:32.5,0.2640666910219425
252,21:32.5,0.26641127356355887
253,21:32.5,0.2688064054837186
254,21:32.6,0.271251857299525
255,21:32.6,0.27374739311181207
256,21:32.6,0.27629277044932526
257,21:32.6,0.27888774015385137
258,21:32.6,0.28153204633403706
259,21:32.6,0.2842254263823061
260,21:32.6,0.28696761101532214
261,21:32.6,0.28975832430450815
262,21:32.6,0.2925972836872671
263,21:32.6,0.29548419994724007
264,21:32.6,0.29841877713022813
265,21:32.6,0.30140071236004967
266,21:32.6,0.30442969554758587
267,21:32.6,0.3075054090226423
268,21:32.6,0.3106275271308653
269,21:32.6,0.31379571582125054
270,21:32.6,0.31700963223049444
271,21:32.6,0.3202689242665866
272,21:32.6,0.3235732301926165
273,21:32.6,0.32692217820523606
274,21:32.7,0.3303153860067298
275,21:32.7,0.3337524603902829
276,21:32.7,0.3372329968717573
277,21:32.7,0.34075657938465276
278,21:32.7,0.3443227800201076
279,21:32.7,0.34793115877980885
280,21:32.7,0.3515812633240389
281,21:32.7,0.35527262870459386
282,21:32.7,0.3590047770574027
283,21:32.7,0.3627772172193473
284,21:32.7,0.36658944425134693
285,21:32.7,0.3704409388865113
286,21:32.7,0.37433116694871243
287,21:32.7,0.37825957878279826
288,21:32.7,0.3822256087159408
289,21:32.7,0.3862286745586455
290,21:32.7,0.39026817715395373
291,21:32.7,0.3943434999780631
292,21:32.7,0.39845400879114923
293,21:32.7,0.40259905135001844
294,21:32.8,0.40677795721631965
295,21:32.8,0.41099003769348375
296,21:32.8,0.4152345858865241
297,21:32.8,0.41951087683776794
298,21:32.8,0.4238181676927911
299,21:32.8,0.42815569787469826
300,21:32.8,0.4325226892437484
301,21:32.8,0.43691834619818865
302,21:32.8,0.4413418556727603
303,21:32.8,0.445792387026879
304,21:32.8,0.4502690918576979
305,21:32.8,0.45477110379030933
306,21:32.8,0.45929753828153375
307,21:32.8,0.46384749245205337
308,21:32.8,0.4684200449538908
309,21:32.8,0.4730142558743067
310,21:32.8,0.47762916666768884
311,21:32.8,0.48226380011355613
312,21:32.8,0.4869171603256692
313,21:32.8,0.4915882328545304
314,21:32.9,0.4962759849035454
315,21:32.9,0.5009793656334901
316,21:32.9,0.5056973065118145
317,21:32.9,0.510428721683851
318,21:32.9,0.515172508356455
319,21:32.9,0.5199275471664224
320,21:32.9,0.5246927024896448
321,21:32.9,0.5294668226672635
322,21:32.9,0.5342487401715676
323,21:32.9,0.539037271767473
324,21:32.9,0.5438312187209908
325,21:32.9,0.548629367081329
326,21:32.9,0.5534304880486728
327,21:32.9,0.558233338434052
328,21:32.9,0.5630366612060833
329,21:32.9,0.567839186112496
330,21:32.9,0.5726396303792819
331,21:32.9,0.5774366995147371
332,21:32.9,0.582229088244476
333,21:32.9,0.5870154815635523
334,21:33.0,0.5917945558551607
335,21:33.0,0.596564980035236
336,21:33.0,0.6013254167117302
337,21:33.0,0.6060745233465018
338,21:33.0,0.6108109533838474
339,21:33.0,0.6155333573055625
340,21:33.0,0.6202403836015904
341,21:33.0,0.6249306796822683
342,21:33.0,0.6296028927695176
343,21:33.0,0.6342556707854874
344,21:33.0,0.6388876632387193
345,21:33.0,0.6434975221087181
346,21:33.0,0.6480839027325404
347,21:33.0,0.6526454646921702
348,21:33.0,0.6571808727080112
349,21:33.0,0.6616887975664667
350,21:33.0,0.6661679171211482
351,21:33.0,0.6706169173825158
352,21:33.0,0.675034493667786
353,21:33.0,0.6794193517704231
354,21:33.1,0.6837702091332182
355,21:33.1,0.6880857960232476
356,21:33.1,0.6923648566884738
357,21:33.1,0.6966061504584572
358,21:33.1,0.700808452766505
359,21:33.1,0.7049705561078071
360,21:33.1,0.7090912709754732
361,21:33.1,0.7131694268113223
362,21:33.1,0.7172038729831458
363,21:33.1,0.7211934797858782
364,21:33.1,0.7251371394613451
365,21:33.1,0.7290337672228814
366,21:33.1,0.7328823022669106
367,21:33.1,0.7366817087719774
368,21:33.1,0.7404309769128453
369,21:33.1,0.7441291239160068
370,21:33.1,0.747775195142071
371,21:33.1,0.7513682651438044
372,21:33.1,0.7549074386598582
373,21:33.1,0.7583918515366589
374,21:33.1,0.7618206715726893
375,21:33.2,0.7651930992554671
376,21:33.2,0.7685083683549377
377,21:33.2,0.7717657463646614
378,21:33.2,0.7749645348208467
379,21:33.2,0.7781040695441636
380,21:33.2,0.7811837208315994
381,21:33.2,0.784202893603227
382,21:33.2,0.7871610275039312
383,21:33.2,0.7900575969615431
384,21:33.2,0.7928921112016241
385,21:33.2,0.7956641142282951
386,21:33.2,0.7983731848019117
387,21:33.2,0.8010189364529766
388,21:33.2,0.8036010175438848
389,21:33.2,0.8061191113441643
390,21:33.2,0.808572936070781
391,21:33.2,0.8109622448712537
392,21:33.2,0.8132868257442526
393,21:33.2,0.815546501375608
394,21:33.2,0.8177411288520762
395,21:33.2,0.8198705992324554
396,21:33.3,0.8219348369934228
397,21:33.3,0.8239337993939339
398,21:33.3,0.8258674757995645
399,21:33.3,0.8277358869887637
400,21:33.3,0.8295390844497861
401,21:33.3,0.8312771496704672
402,21:33.3,0.8329501934122043
403,21:33.3,0.8345583549561655
404,21:33.3,0.8361018013290731
405,21:33.3,0.8375807265426327
406,21:33.3,0.838995350880973
407,21:33.3,0.8403459202342739
408,21:33.3,0.8416327054415771
409,21:33.3,0.8428560016092567
410,21:33.3,0.8440161273930428
411,21:33.3,0.8451134242281494
412,21:33.3,0.8461482554714064
413,21:33.3,0.847121005421364
414,21:33.3,0.8480320782174217
415,21:33.3,0.8488818966592016
416,21:33.4,0.8496709010004684
417,21:33.4,0.8503995477539323
418,21:33.4,0.8510683085217631
419,21:33.4,0.8516776688597236
420,21:33.4,0.8522281271768191
421,21:33.4,0.852720193661877
422,21:33.4,0.8531543892343424
423,21:33.4,0.8535312445439788
424,21:33.4,0.853851299062567
425,21:33.4,0.8541151002897708
426,21:33.4,0.8543232030499897
427,21:33.4,0.8544761688372933
428,21:33.4,0.8545745651851381
429,21:33.4,0.8546189650536274
430,21:33.4,0.8546099462120973
431,21:33.4,0.8545480905756949
432,21:33.4,0.8544339834664947
433,21:33.4,0.854268212810464
434,21:33.4,0.8540513683161163
435,21:33.4,0.8537840406806438
436,21:33.4,0.8534668208469228
437,21:33.5,0.853100299320711
438,21:33.5,0.8526850655540524
439,21:33.5,0.8522217073927797
440,21:33.5,0.8517108105797273
441,21:33.5,0.8511529583177266
442,21:33.5,0.8505487309187559
443,21:33.5,0.849898705565285
444,21:33.5,0.8492034561740357
445,21:33.5,0.8484635533183656
446,21:33.5,0.8476795641725776
447,21:33.5,0.8468520524670629
448,21:33.5,0.8459815784419454
449,21:33.5,0.8450686987638848
450,21:33.5,0.8441139663656201
451,21:33.5,0.843117930197269
452,21:33.5,0.8420811349201043
453,21:33.5,0.8410041205913656
454,21:33.5,0.8398874223725374
455,21:33.5,0.8387315702711077
456,21:33.5,0.837537088918958
457,21:33.6,0.8363044973863103
458,21:33.6,0.8350343090220673
459,21:33.6,0.8337270313190965
460,21:33.6,0.8323831658301093
461,21:33.6,0.8310032081755209
462,21:33.6,0.8295876481614207
463,21:33.6,0.8281369699813119
464,21:33.6,0.8266516524585746
465,21:33.6,0.8251321693071301
466,21:33.6,0.8235789894014487
467,21:33.6,0.8219925770300509
468,21:33.6,0.8203733920895967
469,21:33.6,0.818721890192742
470,21:33.6,0.8170385227040343
471,21:33.6,0.8153237367496743
472,21:33.6,0.813577975245759
473,21:33.6,0.8118016769669313
474,21:33.6,0.8099952766615359
475,21:33.6,0.8081592052154725
476,21:33.6,0.8062938898612648
477,21:33.6,0.8043997544249261
478,21:33.7,0.8024772196148248
479,21:33.7,0.8005267033764012
480,21:33.7,0.7985486213362251
481,21:33.7,0.7965433873258086
482,21:33.7,0.7945114139430675
483,21:33.7,0.7924531131164306
484,21:33.7,0.7903688966625237
485,21:33.7,0.7882591768271286
486,21:33.7,0.7861243667758435
487,21:33.7,0.7839648809957823
488,21:33.7,0.7817811355976338
489,21:33.7,0.7795735485458379
490,21:33.7,0.7773425398601058
491,21:33.7,0.7750885318150935
492,21:33.7,0.7728119491435567
493,21:33.7,0.7705132192420363
494,21:33.7,0.7681927723736236
495,21:33.7,0.7658510418542913
496,21:33.7,0.763488464217004
497,21:33.7,0.761105479374034
498,21:33.8,0.7587025308151552
499,21:33.8,0.7562800658615082
500,21:33.8,0.7538385359540709
501,21:33.8,0.7513783969383511
502,21:33.8,0.7489001093265812
503,21:33.8,0.7464041385314966
504,21:33.8,0.743890955047558
505,21:33.8,0.7413610345391056
506,21:33.8,0.738814857810676
507,21:33.8,0.7362529106722708
508,21:33.8,0.7336756837406558
509,21:33.8,0.731083672216272
510,21:33.8,0.7284773756550414
511,21:33.8,0.7258572977418448
512,21:33.8,0.7232239460697271
513,21:33.8,0.7205778319223176
514,21:33.8,0.7179194700536784
515,21:33.8,0.7152493784752582
516,21:33.8,0.7125680782831861
517,21:33.9,0.7098760935573132
518,21:33.9,0.7071739513234767
519,21:33.9,0.704462181532301
520,21:33.9,0.7017413170146815
521,21:33.9,0.6990118934027235
522,21:33.9,0.6962744490063605
523,21:33.9,0.6935295246144298
524,21:33.9,0.6907776631839018
525,21:33.9,0.6880194094077677
526,21:33.9,0.6852553091914397
527,21:33.9,0.6824859090880685
528,21:33.9,0.6797117557324522
529,21:33.9,0.6769333952920314
530,21:33.9,0.6741513729430452
531,21:33.9,0.6713662323727483
532,21:33.9,0.6685785152999609
533,21:33.9,0.665788761012164
534,21:33.9,0.6629975059406
535,21:33.9,0.6602052833097454
536,21:33.9,0.657412622879346
537,21:33.9,0.65462005075813
538,21:34.0,0.6518280892501667
539,21:34.0,0.6490372567091195
540,21:34.0,0.6462480673869893
541,21:34.0,0.6434610312514045
542,21:34.0,0.6406766537327112
543,21:34.0,0.6378954353755351
544,21:34.0,0.6351178714049448
545,21:34.0,0.6323444512465651
546,21:34.0,0.6295756580397001
547,21:34.0,0.6268119681625409
548,21:34.0,0.6240538507760353
549,21:34.0,0.6213017673900143
550,21:34.0,0.6185561714471367
551,21:34.0,0.6158175079142384
552,21:34.0,0.6130862128847028
553,21:34.0,0.6103627132211096
554,21:34.0,0.6076474262712833
555,21:34.0,0.6049407596578028
556,21:34.0,0.60224311110647
557,21:34.0,0.5995548682845772
558,21:34.1,0.5968764086454919
559,21:34.1,0.5942080992745852
560,21:34.1,0.591550296704997
561,21:34.1,0.5889033466613186
562,21:34.1,0.5862675837149216
563,21:34.1,0.5836433308775852
564,21:34.1,0.5810308991845193
565,21:34.1,0.5784305873062869
566,21:34.1,0.5758426812043718
567,21:34.1,0.5732674538356407
568,21:34.1,0.5707051649079576
569,21:34.1,0.56815606068
570,21:34.1,0.5656203737986253
571,21:34.1,0.5630983231859251
572,21:34.1,0.560590114003914
573,21:34.1,0.5580959377137983
574,21:34.1,0.555615972216651
575,21:34.1,0.5531503820477665
576,21:34.1,0.5506993186073798
577,21:34.2,0.5482629204137438
578,21:34.2,0.5458413133460943
579,21:34.2,0.5434346108334143
580,21:34.2,0.5410429139634144
581,21:34.2,0.5386663115227918
582,21:34.2,0.5363048800061188
583,21:34.2,0.5339586836306875
584,21:34.2,0.5316277743809517
585,21:34.2,0.5293121920975925
586,21:34.2,0.5270119646178897
587,21:34.2,0.5247271079579954
588,21:34.2,0.5224576265202849
589,21:34.2,0.5202035133268564
590,21:34.2,0.5179647503097481
591,21:34.2,0.5157413086944657
592,21:34.2,0.5135331494799831
593,21:34.2,0.5113402239803089
594,21:34.2,0.5091624743908838
595,21:34.2,0.5069998343601103
596,21:34.2,0.5048522295409542
597,21:34.2,0.5027195780770096
598,21:34.2,0.5006017909792073
599,21:34.3,0.49849877238336837
600,21:34.3,0.4964104197199353
601,21:34.3,0.4943366238450852
602,21:34.3,0.4922772691693757
603,21:34.3,0.4902322337991922
604,21:34.3,0.4882013896991291
605,21:34.3,0.4861846028792981
606,21:34.3,0.4841817335999318
607,21:34.3,0.4821926365844577
608,21:34.3,0.48021716125193925
609,21:34.3,0.4782551519967574
610,21:34.3,0.4763064485293949
611,21:34.3,0.4743708862570872
612,21:34.3,0.4724482966690379
613,21:34.3,0.47053850770973876
614,21:34.3,0.4686413441364436
615,21:34.3,0.4667566278401561
616,21:34.3,0.46488417809135574
617,21:34.3,0.4630238116826908
618,21:34.3,0.46117534297518187
619,21:34.3,0.4593385838824938
620,21:34.3,0.45751334383052106
621,21:34.4,0.4556994297167514
622,21:34.4,0.4538966458849198
623,21:34.4,0.45210479412363297
624,21:34.4,0.4503236736830412
625,21:34.4,0.44855308129441585
626,21:34.4,0.44679281119299247
627,21:34.4,0.4450426551742638
628,21:34.4,0.4433024027219422
629,21:34.4,0.4415718412145645
630,21:34.4,0.43985075618102093
631,21:34.4,0.4381389315750249
632,21:34.4,0.4364361500573263
633,21:34.4,0.43474219326999475
634,21:34.4,0.43305684206506917
635,21:34.4,0.43137987664719035
636,21:34.4,0.4297110766184466
637,21:34.4,0.42805022095332107
638,21:34.4,0.4263970879536903
639,21:34.4,0.424751455226089
640,21:34.4,0.4231130997034734
641,21:34.5,0.42148179772152894
642,21:34.5,0.41985732514853147
643,21:34.5,0.4182394575543712
644,21:34.5,0.4166279704073186
645,21:34.5,0.41502263931101047
646,21:34.5,0.41342324031255934
647,21:34.5,0.4118295502993204
648,21:34.5,0.41024134746608104
649,21:34.5,0.40865841181716245
650,21:34.5,0.40708052568072567
651,21:34.5,0.4055074742179672
652,21:34.5,0.40393904588931784
653,21:34.5,0.40237503282575393
654,21:34.5,0.40081523107480355
655,21:34.5,0.3992594407349287
656,21:34.5,0.3977074660244769
657,21:34.5,0.3961591153316778
658,21:34.5,0.3946142012719264
659,21:34.5,0.3930725407627512
660,21:34.5,0.3915339551185832
661,21:34.6,0.389998270155773
662,21:34.6,0.38846531629059317
663,21:34.6,0.3869349286242572
664,21:34.6,0.38540694703345996
665,21:34.6,0.3838812162938737
666,21:34.6,0.38235758624018557
667,21:34.6,0.38083591193707783
668,21:34.6,0.3793160538370217
669,21:34.6,0.37779787791686853
670,21:34.6,0.3762812557783604
671,21:34.6,0.37476606467502804
672,21:34.6,0.37325218742587146
673,21:34.6,0.3717395122075093
674,21:34.6,0.3702279322600022
675,21:34.6,0.36871734556359476
676,21:34.6,0.3672076545302457
677,21:34.6,0.3656987657284533
678,21:34.6,0.36419058964736545
679,21:34.6,0.36268304049753775
680,21:34.6,0.3611760360340785
681,21:34.6,0.3596694973923679
682,21:34.7,0.35816334895161184
683,21:34.7,0.3566575182590349
684,21:34.7,0.35515193603265816
685,21:34.7,0.35364653622659403
686,21:34.7,0.3521412561299919
687,21:34.7,0.35063603648746205
688,21:34.7,0.3491308216359488
689,21:34.7,0.34762555963067165
690,21:34.7,0.3461202023125009
691,21:34.7,0.34461470528191623
692,21:34.7,0.3431090277816986
693,21:34.7,0.34160313252147323
694,21:34.7,0.3400969854828924
695,21:34.7,0.33859055573113234
696,21:34.7,0.33708381524526193
697,21:34.7,0.3355767387696185
698,21:34.7,0.3340693036745921
699,21:34.7,0.33256148980958855
700,21:34.7,0.3310532793467169
701,21:34.7,0.3295446566396814
702,21:34.8,0.32803560812980437
703,21:34.8,0.32652612230638317
704,21:34.8,0.32501618969875623
705,21:34.8,0.32350580287747216
706,21:34.8,0.32199495645685516
707,21:34.8,0.3204836470840899
708,21:34.8,0.31897187337732147
709,21:34.8,0.3174596357731562
710,21:34.8,0.31594693627526205
711,21:34.8,0.3144337781395728
712,21:34.8,0.31292016555544117
713,21:34.8,0.311406103372247
714,21:34.8,0.3098915968968402
715,21:34.8,0.3083766517692954
716,21:34.8,0.30686127390837364
717,21:34.8,0.3053454695037768
718,21:34.8,0.3038292450376358
719,21:34.8,0.30231260734360904
720,21:34.8,0.3007955637301696
721,21:34.8,0.29927812218000327
722,21:34.9,0.2977602916044161
723,21:34.9,0.2962420821199786
724,21:34.9,0.2947235053286746
725,21:34.9,0.2932045745845819
726,21:34.9,0.29168530520867514
727,21:34.9,0.29016571460260104
728,21:34.9,0.2886458222349309
729,21:34.9,0.2871256495142132
730,21:34.9,0.28560521959477203
731,21:34.9,0.2840845571683195
732,21:34.9,0.2825636882819525
733,21:34.9,0.2810426402052148
734,21:34.9,0.2795214413483281
735,21:34.9,0.27800012120987305
736,21:34.9,0.2764787103223448
737,21:34.9,0.2749572401836958
738,21:34.9,0.27343574319754227
739,21:34.9,0.2719142526599119
740,21:34.9,0.2703928028098465
741,21:34.9,0.2688714289307769
742,21:35.0,0.26735016748063056
743,21:35.0,0.2658290562277623
744,21:35.0,0.26430813435189415
745,21:35.0,0.2627874424510807
746,21:35.0,0.2612670224097139
747,21:35.0,0.2597469171281997
748,21:35.0,0.2582271701614296
749,21:35.0,0.2567078253322226
750,21:35.0,0.2551889263743339
751,21:35.0,0.2536705166360362
752,21:35.0,0.2521526388523689
753,21:35.0,0.2506353349684734
754,21:35.0,0.24911864597710826
755,21:35.0,0.24760261174234835
756,21:35.0,0.24608727081695642
757,21:35.0,0.2445726602913068
758,21:35.0,0.24305881570965268
759,21:35.0,0.2415457710621257
760,21:35.0,0.24003355883998104
761,21:35.0,0.23852221013623168
762,21:35.1,0.23701175476072123
763,21:35.1,0.23550222131332987
764,21:35.1,0.23399363715156957
765,21:35.1,0.23248602821982195
766,21:35.1,0.23097941876023015
767,21:35.1,0.22947383096429189
768,21:35.1,0.2279692846298701
769,21:35.1,0.22646579687046367
770,21:35.1,0.22496338189971923
771,21:35.1,0.22346205088766674
772,21:35.1,0.22196181186008962
773,21:35.1,0.22046266960830213
774,21:35.1,0.2189646256031202
775,21:35.1,0.21746767794406915
776,21:35.1,0.21597182138768659
777,21:35.1,0.21447704747256024
778,21:35.1,0.2129833447238612
779,21:35.1,0.21149069891118683
780,21:35.1,0.20999909333505123
781,21:35.1,0.20850850910062305
782,21:35.2,0.20701892531797592
783,21:35.2,0.2055303191794309
784,21:35.2,0.20404266590837405
785,21:35.2,0.20255593862075305
786,21:35.2,0.2010701081609911
787,21:35.2,0.19958514296544513
788,21:35.2,0.1981010089880327
789,21:35.2,0.19661766970567915
790,21:35.2,0.1951350862015567
791,21:35.2,0.1936532173088917
792,21:35.2,0.19217201980557436
793,21:35.2,0.19069144867750717
794,21:35.2,0.18921145748831678
795,21:35.2,0.18773199887963496
796,21:35.2,0.18625302519069792
797,21:35.2,0.18477448916482586
798,21:35.2,0.1832963447094902
799,21:35.2,0.1818185476673948
800,21:35.2,0.18034105653427007
801,21:35.2,0.17886383305430179
802,21:35.2,0.1773868426536171
803,21:35.3,0.17591005472144072
804,21:35.3,0.1744334427875722
805,21:35.3,0.172956984654661
806,21:35.3,0.17148066253037214
807,21:35.3,0.17000446318393866
808,21:35.3,0.16852837812807028
809,21:35.3,0.1670524038039347
810,21:35.3,0.1655765417424584
811,21:35.3,0.16410079870022468
812,21:35.3,0.1626251868031254
813,21:35.3,0.1611497237419594
814,21:35.3,0.15967443303939274
815,21:35.3,0.15819934437557084
816,21:35.3,0.15672449395037544
817,21:35.3,0.15524992485974778
818,21:35.3,0.1537756874465148
819,21:35.3,0.1523018395673721
820,21:35.3,0.15082844672631662
821,21:35.3,0.1493555820629839
822,21:35.3,0.1478833262284419
823,21:35.3,0.14641176720425883
824,21:35.4,0.14494100011557814
825,21:35.4,0.14347112707046727
826,21:35.4,0.1420022570366451
827,21:35.4,0.14053450574136275
828,21:35.4,0.1390679955620093
829,21:35.4,0.13760285538369643
830,21:35.4,0.13613922043104104
831,21:35.4,0.13467723210611157
832,21:35.4,0.13321703786006467
833,21:35.4,0.13175879110091246
834,21:35.4,0.13030265112499467
835,21:35.4,0.12884878306032896
836,21:35.4,0.12739735779955952
837,21:35.4,0.1259485518734269
838,21:35.4,0.12450254720225112
839,21:35.4,0.12305953068559133
840,21:35.4,0.12161969363882062
841,21:35.4,0.12018323112827063
842,21:35.4,0.11875034126913835
843,21:35.4,0.11732122453603215
844,21:35.5,0.11589608311428284
845,21:35.5,0.11447512029778929
846,21:35.5,0.11305853991653539
847,21:35.5,0.1116465457682623
848,21:35.5,0.11023934104696166
849,21:35.5,0.10883712779276257
850,21:35.5,0.10744010640149836
851,21:35.5,0.10604847521166641
852,21:35.5,0.10466243015790143
853,21:35.5,0.10328216447531656
854,21:35.5,0.10190786844233586
855,21:35.5,0.10053972913147748
856,21:35.5,0.09917793011341973
857,21:35.5,0.0978226510653253
858,21:35.5,0.09647406727407944
859,21:35.5,0.09513234907125612
860,21:35.5,0.09379766125992818
861,21:35.5,0.09247016258596948
862,21:35.5,0.09115000528503867
863,21:35.5,0.08983733471558655
864,21:35.6,0.08853228906648211
865,21:35.6,0.08723499911115733
866,21:35.6,0.08594558798644523
867,21:35.6,0.08466417100409591
868,21:35.6,0.08339085553037406
869,21:35.6,0.08212574096620054
870,21:35.6,0.08086891883045019
871,21:35.6,0.07962047292762044
872,21:35.6,0.07838047958254206
873,21:35.6,0.07714900792186356
874,21:35.6,0.07592612016026896
875,21:35.6,0.07471187183657184
876,21:35.6,0.07350631196634361
877,21:35.6,0.07230948312239188
878,21:35.6,0.0711214214905129
879,21:35.6,0.06994215695479689
880,21:35.6,0.06877171325186394
881,21:35.6,0.0676101082143553
882,21:35.6,0.06645735410283339
883,21:35.6,0.0653134580011316
884,21:35.6,0.06417842223945772
885,21:35.6,0.06305224482744697
886,21:35.7,0.06193491991426091
887,21:35.7,0.06082643831098161
888,21:35.7,0.05972678809212006
889,21:35.7,0.05863595526202947
890,21:35.7,0.0575539244613363
891,21:35.7,0.05648067968638241
892,21:35.7,0.05541620497652814
893,21:35.7,0.05436048500538109
894,21:35.7,0.05331350552395633
895,21:35.7,0.0522752536472933
896,21:35.7,0.051245718023140145
897,21:35.7,0.05022488894312252
898,21:35.7,0.04921275844813846
899,21:35.7,0.04820932046006081
900,21:35.7,0.04721457095429263
901,21:35.7,0.04622850816650885
902,21:35.7,0.04525113280730352
903,21:35.7,0.044282448262324435
904,21:35.7,0.04332246078648039
905,21:35.7,0.04237117973032242
906,21:35.7,0.04142861783284619
907,21:35.8,0.04049479158186853
908,21:35.8,0.039569721619022225
909,21:35.8,0.0386534331666799
910,21:35.8,0.037745956451791456
911,21:35.8,0.03684732708132797
912,21:35.8,0.03595758630972683
913,21:35.8,0.03507678115634852
914,21:35.8,0.03420496437653465
915,21:35.8,0.03334219433371007
916,21:35.8,0.03248853483396663
917,21:35.8,0.0316440549699842
918,21:35.8,0.03080882899789
919,21:35.8,0.029982936245941387
920,21:35.8,0.029166461029790793
921,21:35.8,0.028359492543110435
922,21:35.8,0.02756212471474323
923,21:35.8,0.026774456055736306
924,21:35.8,0.025996589532142077
925,21:35.8,0.025228632480107403
926,21:35.8,0.02447069655056984
927,21:35.9,0.02372289766045952
928,21:35.9,0.02298535592522971
929,21:35.9,0.022258195529059503
930,21:35.9,0.02154154446793652
931,21:35.9,0.020835534110970846
932,21:35.9,0.020140298570876805
933,21:35.9,0.01945597392557125
934,21:35.9,0.018782697357552985
935,21:35.9,0.01812060627121547
936,21:35.9,0.01746983743003928
937,21:35.9,0.016830526139545787
938,21:35.9,0.016202805481948346
939,21:35.9,0.015586805587254452
940,21:35.9,0.014982652924406549
941,21:35.9,0.014390469620207184
942,21:35.9,0.013810372837642219
943,21:35.9,0.013242474241300695
944,21:35.9,0.012686879551443682
945,21:35.9,0.012143688170636789
946,21:35.9,0.01161299286573374
947,21:35.9,0.011094879477832527
948,21:36.0,0.010589426607832499
949,21:36.0,0.010096705215982594
950,21:36.0,0.009616778102420441
951,21:36.0,0.009149699286714148
952,21:36.0,0.008695513343446554
953,21:36.0,0.008254254758059128
954,21:36.0,0.00782594735048997
955,21:36.0,0.00741060379091254
956,21:36.0,0.007008225206248294
957,21:36.0,0.006618800850824376
958,21:36.0,0.006242307806192051
959,21:36.0,0.005878710696011375
960,21:36.0,0.005527961438886076
961,21:36.0,0.005189999082576391
962,21:36.0,0.004864749746392279
963,21:36.0,0.004552126665742809
964,21:36.0,0.004252030318557221
965,21:36.0,0.003964348610905647
966,21:36.0,0.003688957082783658
967,21:36.0,0.00342571907355448
968,21:36.1,0.003174485791042862
969,21:36.1,0.002935096267024024
970,21:36.1,0.002707377231636779
971,21:36.1,0.00249114296908026
972,21:36.1,0.002286195215448744
973,21:36.1,0.0020923231399273268
974,21:36.1,0.0019093034261236503
975,21:36.1,0.0017369004423078646
976,21:36.1,0.0015748664678987352
977,21:36.1,0.0014229419494791098
978,21:36.1,0.0012808557927381208
979,21:36.1,0.001148325727737972
980,21:36.1,0.0010250587843158377
981,21:36.1,0.0009107518858309289
982,21:36.1,0.0008050925474226235
983,21:36.1,0.0007077596625545728
984,21:36.1,0.0006184243527073439
985,21:36.1,0.0005367508309401123
986,21:36.1,0.00046239722111039857
987,21:36.1,0.000395016301354567
988,21:36.1,0.0003342561872661961
989,21:36.2,0.00027976100626242207
990,21:36.2,0.00023117162177424964
991,21:36.2,0.00018812645102561228
992,21:36.2,0.00015026240108770772
993,21:36.2,0.00011721592822955836
994,21:36.2,8.862420263299365e-05
995,21:36.2,6.412634833959034e-05
996,21:36.2,4.3364744085931915e-05
997,21:36.2,2.598640675795774e-05
998,21:36.2,1.1644500957508099e-05
999,21:36.2,0.0
